yr,sex,FirstForename,number,rank,position
1974,B,David,1794,1,1
1974,B,John,1528,2,2
1974,B,Paul,1260,3,3
1974,B,Mark,1234,4,4
1974,B,James,1202,5,5
1974,B,Andrew,1067,6,6
1974,B,Scott,1060,7,7
1974,B,Steven,1020,8,8
1974,B,Robert,885,9,9
1974,B,Stephen,866,10,10
1974,B,William,777,11,11
1974,B,Craig,749,12,12
1974,B,Michael,735,13,13
1974,B,Stuart,710,14,14
1974,B,Christopher,702,15,15
1974,B,Alan,685,16,16
1974,B,Colin,634,17,17
1974,B,Brian,623,18,18
1974,B,Kevin,598,19,19
1974,B,Gary,570,20,20
1974,B,Richard,558,21,21
1974,B,Derek,500,22,22
1974,B,Martin,473,23,23
1974,B,Thomas,458,24,24
1974,B,Neil,446,25,25
1974,B,Barry,427,26,26
1974,B,Ian,421,27,27
1974,B,Jason,389,28,28
1974,B,Iain,386,29,29
1974,B,Gordon,369,30,30
1974,B,Alexander,359,31,31
1974,B,Graeme,354,32,32
1974,B,Peter,353,33,33
1974,B,Darren,333,34,34
1974,B,Graham,325,35,35
1974,B,George,302,36,36
1974,B,Kenneth,302,36,36
1974,B,Allan,284,38,38
1974,B,Simon,281,39,39
1974,B,Douglas,225,40,40
1974,B,Keith,223,41,41
1974,B,Lee,209,42,42
1974,B,Anthony,204,43,43
1974,B,Grant,187,44,44
1974,B,Ross,187,44,44
1974,B,Jonathan,184,46,46
1974,B,Gavin,179,47,47
1974,B,Nicholas,173,48,48
1974,B,Joseph,172,49,49
1974,B,Stewart,171,50,50
1974,B,Daniel,169,51,51
1974,B,Edward,160,52,52
1974,B,Matthew,151,53,53
1974,B,Donald,146,54,54
1974,B,Fraser,140,55,55
1974,B,Garry,139,56,56
1974,B,Malcolm,137,57,57
1974,B,Charles,131,58,58
1974,B,Duncan,130,59,59
1974,B,Alistair,128,60,60
1974,B,Raymond,120,61,61
1974,B,Philip,112,62,62
1974,B,Ronald,111,63,63
1974,B,Ewan,98,64,64
1974,B,Ryan,98,64,64
1974,B,Francis,97,66,66
1974,B,Bruce,96,67,67
1974,B,Patrick,96,67,67
1974,B,Alastair,94,69,69
1974,B,Bryan,94,69,69
1974,B,Marc,92,71,71
1974,B,Jamie,88,72,72
1974,B,Hugh,86,73,73
1974,B,Euan,81,74,74
1974,B,Gerard,81,74,74
1974,B,Sean,77,76,76
1974,B,Wayne,76,77,77
1974,B,Adam,75,78,78
1974,B,Calum,75,78,78
1974,B,Alasdair,72,80,80
1974,B,Robin,70,81,81
1974,B,Greig,69,82,82
1974,B,Angus,67,83,83
1974,B,Russell,64,84,84
1974,B,Cameron,58,85,85
1974,B,Roderick,56,86,86
1974,B,Norman,54,87,87
1974,B,Murray,52,88,88
1974,B,Gareth,50,89,89
1974,B,Dean,49,90,90
1974,B,Eric,49,90,90
1974,B,Adrian,46,92,92
1974,B,Gregor,46,92,92
1974,B,Samuel,44,94,94
1974,B,Gerald,42,95,95
1974,B,Henry,39,96,96
1974,B,Justin,38,97,97
1974,B,Benjamin,37,98,98
1974,B,Shaun,36,99,99
1974,B,Callum,35,100,100
1974,B,Campbell,35,100,100
1974,B,Frank,35,100,100
1974,B,Roy,35,100,100
1974,B,Timothy,35,100,100
1975,B,David,1793,1,1
1975,B,John,1481,2,2
1975,B,Paul,1207,3,3
1975,B,James,1193,4,4
1975,B,Mark,1132,5,5
1975,B,Scott,1081,6,6
1975,B,Andrew,1032,7,7
1975,B,Steven,996,8,8
1975,B,Robert,842,9,9
1975,B,Stephen,746,10,10
1975,B,Craig,740,11,11
1975,B,Christopher,720,12,12
1975,B,Alan,715,13,13
1975,B,Michael,708,14,14
1975,B,Stuart,707,15,15
1975,B,William,685,16,16
1975,B,Kevin,642,17,17
1975,B,Colin,618,18,18
1975,B,Brian,588,19,19
1975,B,Derek,538,20,20
1975,B,Neil,520,21,21
1975,B,Richard,489,22,22
1975,B,Gary,469,23,23
1975,B,Barry,454,24,24
1975,B,Martin,440,25,25
1975,B,Thomas,436,26,26
1975,B,Ian,428,27,27
1975,B,Gordon,411,28,28
1975,B,Kenneth,387,29,29
1975,B,Alexander,370,30,30
1975,B,Graeme,365,31,31
1975,B,Peter,365,31,31
1975,B,Iain,354,33,33
1975,B,Graham,327,34,34
1975,B,Jason,299,35,35
1975,B,George,296,36,36
1975,B,Allan,259,37,37
1975,B,Keith,256,38,38
1975,B,Darren,247,39,39
1975,B,Simon,238,40,40
1975,B,Douglas,218,41,41
1975,B,Ross,214,42,42
1975,B,Stewart,204,43,43
1975,B,Lee,197,44,44
1975,B,Grant,191,45,45
1975,B,Nicholas,186,46,46
1975,B,Joseph,184,47,47
1975,B,Gavin,182,48,48
1975,B,Anthony,181,49,49
1975,B,Jonathan,171,50,50
1975,B,Daniel,154,51,51
1975,B,Fraser,147,52,52
1975,B,Matthew,147,52,52
1975,B,Donald,142,54,54
1975,B,Malcolm,140,55,55
1975,B,Alistair,139,56,56
1975,B,Edward,135,57,57
1975,B,Raymond,130,58,58
1975,B,Charles,129,59,59
1975,B,Philip,123,60,60
1975,B,Bruce,118,61,61
1975,B,Garry,118,61,61
1975,B,Jamie,118,61,61
1975,B,Ryan,114,64,64
1975,B,Bryan,110,65,65
1975,B,Francis,109,66,66
1975,B,Alastair,102,67,67
1975,B,Duncan,102,67,67
1975,B,Patrick,98,69,69
1975,B,Ronald,93,70,70
1975,B,Alasdair,85,71,71
1975,B,Ewan,80,72,72
1975,B,Marc,75,73,73
1975,B,Wayne,73,74,74
1975,B,Hugh,72,75,75
1975,B,Robin,70,76,76
1975,B,Sean,70,76,76
1975,B,Calum,68,78,78
1975,B,Euan,66,79,79
1975,B,Adam,63,80,80
1975,B,Russell,62,81,81
1975,B,Cameron,58,82,82
1975,B,Gerard,58,82,82
1975,B,Murray,58,82,82
1975,B,Norman,58,82,82
1975,B,Angus,56,86,86
1975,B,Greig,55,87,87
1975,B,Justin,51,88,88
1975,B,Gregor,50,89,89
1975,B,Gerald,48,90,90
1975,B,Roderick,47,91,91
1975,B,Roy,47,91,91
1975,B,Benjamin,46,93,93
1975,B,Timothy,44,94,94
1975,B,Dean,42,95,95
1975,B,Samuel,39,96,96
1975,B,Greg,38,97,97
1975,B,Shaun,38,97,97
1975,B,Adrian,37,99,99
1975,B,Campbell,37,99,99
1976,B,David,1744,1,1
1976,B,John,1374,2,2
1976,B,Paul,1146,3,3
1976,B,James,1136,4,4
1976,B,Andrew,983,5,5
1976,B,Steven,975,6,6
1976,B,Scott,964,7,7
1976,B,Mark,893,8,8
1976,B,Robert,757,9,9
1976,B,Stephen,732,10,10
1976,B,Craig,720,11,11
1976,B,Christopher,695,12,12
1976,B,Stuart,693,13,13
1976,B,Alan,689,14,14
1976,B,William,647,15,15
1976,B,Michael,645,16,16
1976,B,Kevin,605,17,17
1976,B,Colin,565,18,18
1976,B,Brian,527,19,19
1976,B,Derek,519,20,20
1976,B,Neil,485,21,21
1976,B,Richard,481,22,22
1976,B,Martin,450,23,23
1976,B,Gary,418,24,24
1976,B,Ross,403,25,25
1976,B,Thomas,377,26,26
1976,B,Ian,376,27,27
1976,B,Iain,373,28,28
1976,B,Barry,363,29,29
1976,B,Gordon,362,30,30
1976,B,Graeme,348,31,31
1976,B,Graham,341,32,32
1976,B,Alexander,330,33,33
1976,B,Peter,323,34,34
1976,B,Kenneth,303,35,35
1976,B,Simon,285,36,36
1976,B,Allan,261,37,37
1976,B,Darren,261,37,37
1976,B,George,259,39,39
1976,B,Douglas,245,40,40
1976,B,Jason,223,41,41
1976,B,Lee,221,42,42
1976,B,Gavin,217,43,43
1976,B,Anthony,207,44,44
1976,B,Jonathan,191,45,45
1976,B,Stewart,189,46,46
1976,B,Jamie,177,47,47
1976,B,Keith,174,48,48
1976,B,Matthew,172,49,49
1976,B,Joseph,164,50,50
1976,B,Daniel,155,51,51
1976,B,Edward,148,52,52
1976,B,Nicholas,145,53,53
1976,B,Grant,144,54,54
1976,B,Ryan,142,55,55
1976,B,Philip,140,56,56
1976,B,Alistair,134,57,57
1976,B,Donald,132,58,58
1976,B,Charles,130,59,59
1976,B,Duncan,122,60,60
1976,B,Garry,120,61,61
1976,B,Malcolm,119,62,62
1976,B,Raymond,115,63,63
1976,B,Bryan,105,64,64
1976,B,Ewan,105,64,64
1976,B,Fraser,98,66,66
1976,B,Alastair,96,67,67
1976,B,Euan,96,67,67
1976,B,Patrick,94,69,69
1976,B,Bruce,89,70,70
1976,B,Ronald,86,71,71
1976,B,Greig,81,72,72
1976,B,Hugh,77,73,73
1976,B,Francis,74,74,74
1976,B,Gerard,74,74,74
1976,B,Russell,73,76,76
1976,B,Alasdair,72,77,77
1976,B,Adam,68,78,78
1976,B,Marc,68,78,78
1976,B,Sean,68,78,78
1976,B,Benjamin,67,81,81
1976,B,Gregor,64,82,82
1976,B,Calum,63,83,83
1976,B,Wayne,60,84,84
1976,B,Robin,59,85,85
1976,B,Roderick,59,85,85
1976,B,Murray,56,87,87
1976,B,Greg,55,88,88
1976,B,Angus,54,89,89
1976,B,Cameron,53,90,90
1976,B,Gerald,52,91,91
1976,B,Shaun,51,92,92
1976,B,Samuel,47,93,93
1976,B,Timothy,45,94,94
1976,B,Liam,44,95,95
1976,B,Campbell,43,96,96
1976,B,Gareth,41,97,97
1976,B,Niall,41,97,97
1976,B,Dean,40,99,99
1976,B,Justin,40,99,99
1977,B,David,1761,1,1
1977,B,John,1258,2,2
1977,B,Paul,1230,3,3
1977,B,James,1068,4,4
1977,B,Andrew,1042,5,5
1977,B,Steven,884,6,6
1977,B,Scott,816,7,7
1977,B,Mark,775,8,8
1977,B,Robert,757,9,9
1977,B,Christopher,747,10,10
1977,B,Craig,705,11,11
1977,B,Stuart,683,12,12
1977,B,Kevin,676,13,13
1977,B,Alan,661,14,14
1977,B,Michael,659,15,15
1977,B,Stephen,633,16,16
1977,B,William,597,17,17
1977,B,Colin,495,18,18
1977,B,Brian,477,19,19
1977,B,Neil,463,20,20
1977,B,Richard,451,21,21
1977,B,Ross,433,22,22
1977,B,Thomas,407,23,23
1977,B,Gary,406,24,24
1977,B,Derek,394,25,25
1977,B,Iain,379,26,26
1977,B,Gordon,364,27,27
1977,B,Graeme,363,28,28
1977,B,Martin,352,29,29
1977,B,Barry,342,30,30
1977,B,Gavin,329,31,31
1977,B,Ian,329,31,31
1977,B,Kenneth,327,33,33
1977,B,Alexander,322,34,34
1977,B,Peter,308,35,35
1977,B,Graham,265,36,36
1977,B,Allan,241,37,37
1977,B,Darren,238,38,38
1977,B,Jamie,223,39,39
1977,B,Simon,212,40,40
1977,B,Lee,207,41,41
1977,B,George,199,42,42
1977,B,Keith,199,42,42
1977,B,Stewart,191,44,44
1977,B,Douglas,186,45,45
1977,B,Jonathan,175,46,46
1977,B,Matthew,168,47,47
1977,B,Daniel,160,48,48
1977,B,Grant,158,49,49
1977,B,Joseph,155,50,50
1977,B,Jason,148,51,51
1977,B,Anthony,147,52,52
1977,B,Ryan,141,53,53
1977,B,Edward,140,54,54
1977,B,Fraser,135,55,55
1977,B,Donald,127,56,56
1977,B,Charles,123,57,57
1977,B,Garry,122,58,58
1977,B,Duncan,120,59,59
1977,B,Nicholas,116,60,60
1977,B,Raymond,109,61,61
1977,B,Alistair,105,62,62
1977,B,Bryan,103,63,63
1977,B,Philip,102,64,64
1977,B,Alastair,101,65,65
1977,B,Malcolm,95,66,66
1977,B,Alasdair,87,67,67
1977,B,Russell,86,68,68
1977,B,Patrick,82,69,69
1977,B,Euan,81,70,70
1977,B,Ewan,81,70,70
1977,B,Gareth,79,72,72
1977,B,Bruce,77,73,73
1977,B,Adam,74,74,74
1977,B,Gerard,73,75,75
1977,B,Greig,68,76,76
1977,B,Marc,68,76,76
1977,B,Sean,67,78,78
1977,B,Robin,66,79,79
1977,B,Ronald,64,80,80
1977,B,Benjamin,63,81,81
1977,B,Francis,62,82,82
1977,B,Gregor,60,83,83
1977,B,Greg,55,84,84
1977,B,Hugh,55,84,84
1977,B,Calum,50,86,86
1977,B,Shaun,50,86,86
1977,B,Cameron,47,88,88
1977,B,Roderick,45,89,89
1977,B,Angus,41,90,90
1977,B,Gerald,41,90,90
1977,B,Rory,40,92,92
1977,B,Samuel,40,92,92
1977,B,Wayne,39,94,94
1977,B,Murray,38,95,95
1977,B,Norman,37,96,96
1977,B,Timothy,37,96,96
1977,B,Dean,36,98,98
1977,B,Martyn,34,99,99
1977,B,Roy,33,100,100
1977,B,Wesley,33,100,100
1978,B,David,1861,1,1
1978,B,John,1374,2,2
1978,B,Andrew,1182,3,3
1978,B,Paul,1147,4,4
1978,B,James,1067,5,5
1978,B,Scott,906,6,6
1978,B,Christopher,860,7,7
1978,B,Steven,854,8,8
1978,B,Michael,769,9,9
1978,B,Mark,766,10,10
1978,B,Robert,715,11,11
1978,B,Craig,711,12,12
1978,B,Kevin,678,13,13
1978,B,Stuart,671,14,14
1978,B,Alan,629,15,15
1978,B,Stephen,619,16,16
1978,B,William,576,17,17
1978,B,Ross,514,18,18
1978,B,Colin,475,19,19
1978,B,Brian,462,20,20
1978,B,Richard,461,21,21
1978,B,Barry,456,22,22
1978,B,Neil,446,23,23
1978,B,Derek,433,24,24
1978,B,Gordon,430,25,25
1978,B,Thomas,417,26,26
1978,B,Graeme,406,27,27
1978,B,Martin,402,28,28
1978,B,Peter,388,29,29
1978,B,Gary,362,30,30
1978,B,Iain,340,31,31
1978,B,Graham,319,32,32
1978,B,Ian,314,33,33
1978,B,Kenneth,283,34,34
1978,B,Alexander,278,35,35
1978,B,Allan,272,36,36
1978,B,Jamie,266,37,37
1978,B,Gavin,255,38,38
1978,B,Darren,226,39,39
1978,B,George,222,40,40
1978,B,Douglas,202,41,41
1978,B,Simon,197,42,42
1978,B,Stewart,190,43,43
1978,B,Daniel,189,44,44
1978,B,Keith,183,45,45
1978,B,Lee,179,46,46
1978,B,Ryan,177,47,47
1978,B,Joseph,172,48,48
1978,B,Matthew,156,49,49
1978,B,Grant,151,50,50
1978,B,Anthony,139,51,51
1978,B,Jason,139,51,51
1978,B,Jonathan,136,53,53
1978,B,Duncan,127,54,54
1978,B,Fraser,125,55,55
1978,B,Donald,123,56,56
1978,B,Garry,121,57,57
1978,B,Nicholas,116,58,58
1978,B,Alistair,115,59,59
1978,B,Bryan,114,60,60
1978,B,Charles,114,60,60
1978,B,Raymond,110,62,62
1978,B,Philip,106,63,63
1978,B,Marc,100,64,64
1978,B,Euan,96,65,65
1978,B,Edward,95,66,66
1978,B,Gareth,95,66,66
1978,B,Sean,93,68,68
1978,B,Adam,92,69,69
1978,B,Alasdair,92,69,69
1978,B,Alastair,91,71,71
1978,B,Greig,87,72,72
1978,B,Ronald,87,72,72
1978,B,Malcolm,86,74,74
1978,B,Patrick,84,75,75
1978,B,Ewan,78,76,76
1978,B,Russell,76,77,77
1978,B,Greg,70,78,78
1978,B,Gregor,66,79,79
1978,B,Robin,66,79,79
1978,B,Benjamin,65,81,81
1978,B,Bruce,65,81,81
1978,B,Gerard,64,83,83
1978,B,Francis,61,84,84
1978,B,Hugh,56,85,85
1978,B,Calum,55,86,86
1978,B,Cameron,52,87,87
1978,B,Shaun,48,88,88
1978,B,Wayne,48,88,88
1978,B,Samuel,46,90,90
1978,B,Murray,44,91,91
1978,B,Roderick,44,91,91
1978,B,Barrie,43,93,93
1978,B,Callum,41,94,94
1978,B,Angus,39,95,95
1978,B,Liam,39,95,95
1978,B,Rory,39,95,95
1978,B,Niall,38,98,98
1978,B,Timothy,37,99,99
1978,B,Antony,36,100,100
1979,B,David,2024,1,1
1979,B,John,1470,2,2
1979,B,Andrew,1327,3,3
1979,B,Paul,1149,4,4
1979,B,James,1108,5,5
1979,B,Christopher,978,6,6
1979,B,Steven,937,7,7
1979,B,Scott,875,8,8
1979,B,Mark,825,9,9
1979,B,Robert,803,10,10
1979,B,Craig,784,11,11
1979,B,Kevin,773,12,12
1979,B,Michael,722,13,13
1979,B,Stuart,721,14,14
1979,B,Stephen,676,15,15
1979,B,Alan,668,16,16
1979,B,Colin,583,17,17
1979,B,William,560,18,18
1979,B,Brian,521,19,19
1979,B,Barry,502,20,20
1979,B,Ross,502,20,20
1979,B,Gary,492,22,22
1979,B,Martin,488,23,23
1979,B,Thomas,467,24,24
1979,B,Richard,448,25,25
1979,B,Graeme,437,26,26
1979,B,Neil,434,27,27
1979,B,Peter,395,28,28
1979,B,Iain,392,29,29
1979,B,Gordon,379,30,30
1979,B,Derek,367,31,31
1979,B,Ian,367,31,31
1979,B,Alexander,355,33,33
1979,B,Kenneth,325,34,34
1979,B,Graham,308,35,35
1979,B,Allan,273,36,36
1979,B,Darren,272,37,37
1979,B,Gavin,262,38,38
1979,B,Jamie,260,39,39
1979,B,Douglas,248,40,40
1979,B,Ryan,242,41,41
1979,B,Simon,239,42,42
1979,B,George,215,43,43
1979,B,Matthew,211,44,44
1979,B,Lee,200,45,45
1979,B,Stewart,192,46,46
1979,B,Keith,187,47,47
1979,B,Daniel,185,48,48
1979,B,Anthony,181,49,49
1979,B,Grant,178,50,50
1979,B,Gareth,177,51,51
1979,B,Jonathan,173,52,52
1979,B,Joseph,157,53,53
1979,B,Alistair,143,54,54
1979,B,Charles,135,55,55
1979,B,Edward,132,56,56
1979,B,Fraser,127,57,57
1979,B,Duncan,124,58,58
1979,B,Garry,123,59,59
1979,B,Bryan,122,60,60
1979,B,Ewan,122,60,60
1979,B,Nicholas,122,60,60
1979,B,Donald,119,63,63
1979,B,Philip,118,64,64
1979,B,Alastair,107,65,65
1979,B,Adam,105,66,66
1979,B,Jason,105,66,66
1979,B,Euan,103,68,68
1979,B,Russell,91,69,69
1979,B,Sean,91,69,69
1979,B,Malcolm,87,71,71
1979,B,Patrick,87,71,71
1979,B,Raymond,87,71,71
1979,B,Alasdair,85,74,74
1979,B,Liam,84,75,75
1979,B,Greig,80,76,76
1979,B,Gregor,73,77,77
1979,B,Ronald,73,77,77
1979,B,Greg,72,79,79
1979,B,Shaun,70,80,80
1979,B,Wayne,67,81,81
1979,B,Bruce,65,82,82
1979,B,Marc,63,83,83
1979,B,Robin,63,83,83
1979,B,Cameron,62,85,85
1979,B,Francis,60,86,86
1979,B,Angus,58,87,87
1979,B,Gerard,58,87,87
1979,B,Kris,58,87,87
1979,B,Calum,57,90,90
1979,B,Benjamin,54,91,91
1979,B,Rory,54,91,91
1979,B,Dean,51,93,93
1979,B,Timothy,48,94,94
1979,B,Samuel,47,95,95
1979,B,Niall,45,96,96
1979,B,Hugh,43,97,97
1979,B,Lewis,43,97,97
1979,B,Murray,42,99,99
1979,B,Justin,38,100,100
1979,B,Roderick,38,100,100
1980,B,David,1988,1,1
1980,B,John,1478,2,2
1980,B,Andrew,1293,3,3
1980,B,James,1194,4,4
1980,B,Christopher,1071,5,5
1980,B,Paul,1045,6,6
1980,B,Steven,954,7,7
1980,B,Kevin,825,8,8
1980,B,Robert,813,9,9
1980,B,Scott,813,9,9
1980,B,Craig,805,11,11
1980,B,Michael,775,12,12
1980,B,Mark,738,13,13
1980,B,Stuart,700,14,14
1980,B,Stephen,693,15,15
1980,B,Alan,664,16,16
1980,B,William,601,17,17
1980,B,Gary,559,18,18
1980,B,Ross,545,19,19
1980,B,Colin,542,20,20
1980,B,Brian,479,21,21
1980,B,Barry,471,22,22
1980,B,Richard,464,23,23
1980,B,Martin,458,24,24
1980,B,Thomas,450,25,25
1980,B,Neil,425,26,26
1980,B,Peter,394,27,27
1980,B,Iain,374,28,28
1980,B,Graeme,368,29,29
1980,B,Ian,361,30,30
1980,B,Gordon,359,31,31
1980,B,Alexander,351,32,32
1980,B,Ryan,336,33,33
1980,B,Derek,335,34,34
1980,B,Kenneth,319,35,35
1980,B,Allan,286,36,36
1980,B,Jamie,279,37,37
1980,B,Graham,277,38,38
1980,B,Gavin,271,39,39
1980,B,Darren,270,40,40
1980,B,Stewart,231,41,41
1980,B,Gareth,222,42,42
1980,B,Jonathan,214,43,43
1980,B,Daniel,207,44,44
1980,B,Douglas,203,45,45
1980,B,Grant,199,46,46
2003,B,Peter,65,85,85
2003,B,Alex,64,87,87
2003,B,Murray,63,88,88
2003,B,Arran,62,89,89
2003,B,George,62,89,89
2003,B,Jason,62,89,89
2003,B,Leon,60,92,92
2003,B,Conor,59,93,93
2003,B,Hamish,58,94,94
2003,B,Lucas,57,95,95
2003,B,Grant,55,96,96
2003,B,Mitchell,53,97,97
2003,B,Mohammed,53,97,97
2003,B,Finn,52,99,99
2003,B,Anthony,51,100,100
2003,B,Greg,51,100,100
2003,B,Marcus,51,100,100
2004,B,Lewis,726,1,1
2004,B,Jack,709,2,2
2004,B,Cameron,531,3,3
2004,B,James,530,4,4
2004,B,Ryan,523,5,5
2004,B,Jamie,480,6,6
2004,B,Liam,474,7,7
2004,B,Ben,461,8,8
2004,B,Kyle,451,9,9
2004,B,Callum,449,10,10
2004,B,Daniel,427,11,11
2004,B,Matthew,424,12,12
2004,B,Connor,360,13,13
2004,B,Adam,359,14,14
2004,B,Andrew,351,15,15
2004,B,Dylan,350,16,16
2004,B,Aidan,332,17,17
2004,B,Ross,325,18,18
2004,B,Scott,324,19,19
2004,B,Nathan,301,20,20
2004,B,Thomas,287,21,21
2004,B,Joshua,278,22,22
2004,B,Kieran,275,23,23
2004,B,Aaron,270,24,24
2004,B,Alexander,269,25,25
2004,B,David,269,25,25
2004,B,Finlay,247,27,27
2004,B,Logan,239,28,28
2004,B,Aiden,238,29,29
2004,B,Josh,236,30,30
2004,B,Michael,236,30,30
2004,B,Luke,233,32,32
2004,B,Sam,214,33,33
2004,B,Euan,213,34,34
2004,B,Sean,212,35,35
2004,B,William,209,36,36
2004,B,Ethan,204,37,37
2004,B,John,203,38,38
2004,B,Samuel,199,39,39
2004,B,Christopher,192,40,40
2004,B,Joseph,187,41,41
2004,B,Fraser,182,42,42
2004,B,Jay,178,43,43
2004,B,Robert,178,43,43
2004,B,Robbie,174,45,45
2004,B,Calum,169,46,46
2004,B,Benjamin,164,47,47
2004,B,Owen,163,48,48
2004,B,Craig,161,49,49
2004,B,Ewan,157,50,50
2004,B,Mark,147,51,51
2004,B,Declan,142,52,52
2004,B,Reece,140,53,53
2004,B,Rory,133,54,54
2004,B,Oliver,131,55,55
2004,B,Jake,124,56,56
2004,B,Max,122,57,57
2004,B,Ciaran,118,58,58
2004,B,Charlie,116,59,59
2004,B,Brandon,115,60,60
2004,B,Kai,115,60,60
2004,B,Lee,115,60,60
2004,B,Jordan,114,63,63
2004,B,Taylor,113,64,64
2004,B,Rhys,112,65,65
2004,B,Steven,111,66,66
2004,B,Harry,109,67,67
2004,B,Paul,108,68,68
2004,B,Louis,99,69,69
2004,B,Tyler,98,70,70
2004,B,Blair,97,71,71
2004,B,Shaun,95,72,72
2004,B,Jacob,93,73,73
2004,B,Murray,92,74,74
2004,B,Evan,90,75,75
2004,B,Stephen,90,75,75
2004,B,Arran,83,77,77
2004,B,Marc,83,77,77
2004,B,Angus,81,79,79
2004,B,Stuart,81,79,79
2004,B,Leo,80,81,81
2004,B,Archie,79,82,82
2004,B,Kian,78,83,83
2004,B,Gregor,76,84,84
2004,B,Leon,76,84,84
2004,B,Patrick,75,86,86
2004,B,Lucas,71,87,87
2004,B,Finn,69,88,88
2004,B,Jonathan,69,88,88
2004,B,Charles,67,90,90
2004,B,Hamish,67,90,90
2004,B,Harris,67,90,90
2004,B,Joe,67,90,90
2004,B,Jason,65,94,94
2004,B,Mackenzie,65,94,94
2004,B,Peter,65,94,94
2004,B,Conor,63,97,97
2004,B,Dean,63,97,97
2004,B,Alex,61,99,99
2004,B,Cole,61,99,99
2004,B,Darren,61,99,99
2005,B,Lewis,710,1,1
2005,B,Jack,630,2,2
2005,B,Callum,519,3,3
2005,B,James,497,4,4
2005,B,Cameron,488,5,5
2005,B,Ryan,487,6,6
2005,B,Jamie,447,7,7
2005,B,Kyle,446,8,8
2005,B,Daniel,425,9,9
2005,B,Matthew,424,10,10
2005,B,Liam,394,11,11
2005,B,Ben,388,12,12
2005,B,Dylan,376,13,13
2005,B,Adam,373,14,14
2005,B,Andrew,336,15,15
2005,B,Connor,329,16,16
2005,B,Alexander,308,17,17
2005,B,Thomas,303,18,18
2005,B,Aidan,300,19,19
2005,B,Aiden,298,20,20
2005,B,Joshua,297,21,21
2005,B,Logan,295,22,22
2005,B,Aaron,294,23,23
2005,B,Scott,280,24,24
2005,B,Ross,270,25,25
2005,B,Nathan,264,26,26
2005,B,David,254,27,27
2005,B,Finlay,246,28,28
2005,B,Euan,236,29,29
2005,B,John,235,30,30
2005,B,Luke,233,31,31
2005,B,Michael,218,32,32
2005,B,Samuel,209,33,33
2005,B,Calum,207,34,34
2005,B,William,200,35,35
2005,B,Kieran,197,36,36
2005,B,Josh,196,37,37
2005,B,Ethan,191,38,38
2005,B,Ewan,182,39,39
2005,B,Sean,178,40,40
2005,B,Fraser,175,41,41
2005,B,Sam,174,42,42
2005,B,Robert,168,43,43
2005,B,Jake,167,44,44
2005,B,Christopher,165,45,45
2005,B,Jay,163,46,46
2005,B,Owen,163,46,46
2005,B,Joseph,160,48,48
2005,B,Charlie,159,49,49
2005,B,Benjamin,153,50,50
2005,B,Robbie,153,50,50
2005,B,Max,149,52,52
2005,B,Rory,148,53,53
2005,B,Oliver,147,54,54
2005,B,Craig,140,55,55
2005,B,Declan,140,55,55
2005,B,Reece,131,57,57
2005,B,Harry,129,58,58
2005,B,Rhys,128,59,59
2005,B,Mark,124,60,60
2005,B,Tyler,114,61,61
2005,B,Brandon,113,62,62
2005,B,Leo,108,63,63
2005,B,Taylor,106,64,64
2005,B,Kai,105,65,65
2005,B,Angus,100,66,66
2005,B,Paul,94,67,67
2005,B,Lee,91,68,68
2005,B,Ciaran,89,69,69
2005,B,Louis,87,70,70
2005,B,Finn,85,71,71
2005,B,Steven,85,71,71
2005,B,Evan,84,73,73
2005,B,Gregor,84,73,73
2005,B,Cole,83,75,75
2005,B,Arran,82,76,76
2005,B,Blair,82,76,76
2005,B,Jacob,79,78,78
2005,B,Murray,79,78,78
2005,B,Kian,78,80,80
2005,B,Stephen,78,80,80
2005,B,Lucas,77,82,82
2005,B,Archie,76,83,83
2005,B,Leon,76,83,83
2005,B,Harris,75,85,85
2005,B,Mohammed,74,86,86
2005,B,Noah,73,87,87
2005,B,Lennon,70,88,88
2005,B,Stuart,70,88,88
2005,B,Harvey,68,90,90
2005,B,Mackenzie,68,90,90
2005,B,Shaun,66,92,92
2005,B,Conor,65,93,93
2005,B,Corey,65,93,93
2005,B,Brodie,64,95,95
2005,B,George,64,95,95
2005,B,Jordan,64,95,95
2005,B,Darren,63,98,98
2005,B,Charles,62,99,99
2005,B,Joe,62,99,99
2006,B,Jack,670,1,1
2006,B,Lewis,657,2,2
2006,B,Callum,532,3,3
2006,B,Ryan,507,4,4
2006,B,James,467,5,5
2006,B,Cameron,431,6,6
2006,B,Jamie,414,7,7
2006,B,Daniel,398,8,8
2006,B,Matthew,394,9,9
2006,B,Kyle,367,10,10
2006,B,Adam,352,11,11
2006,B,Ben,344,12,12
2006,B,Aaron,340,13,13
2006,B,Logan,331,14,14
2006,B,Andrew,328,15,15
2006,B,Connor,314,16,16
2006,B,Dylan,313,17,17
2006,B,Liam,313,17,17
2006,B,Thomas,308,19,19
2006,B,Alexander,306,20,20
2006,B,Finlay,304,21,21
2006,B,Joshua,282,22,22
2006,B,Nathan,276,23,23
2006,B,Aidan,268,24,24
2006,B,Aiden,265,25,25
2006,B,David,261,26,26
2006,B,Scott,254,27,27
2006,B,Ross,251,28,28
2006,B,Luke,246,29,29
2006,B,Calum,223,30,30
2006,B,Charlie,204,31,31
2006,B,Michael,201,32,32
2006,B,Sean,199,33,33
2006,B,Samuel,198,34,34
2006,B,John,197,35,35
2006,B,William,196,36,36
2006,B,Josh,190,37,37
2006,B,Robbie,189,38,38
2006,B,Ethan,187,39,39
2006,B,Kieran,181,40,40
2006,B,Harry,175,41,41
2006,B,Robert,175,41,41
2006,B,Sam,175,41,41
2006,B,Euan,173,44,44
2006,B,Fraser,172,45,45
2006,B,Owen,171,46,46
2006,B,Rhys,168,47,47
2006,B,Joseph,166,48,48
2006,B,Oliver,165,49,49
2006,B,Reece,165,49,49
2006,B,Ewan,163,51,51
2006,B,Jay,158,52,52
2006,B,Tyler,150,53,53
2006,B,Jake,146,54,54
2006,B,Max,146,54,54
2006,B,Rory,146,54,54
2006,B,Christopher,143,57,57
2006,B,Kai,135,58,58
2006,B,Arran,129,59,59
2006,B,Benjamin,129,59,59
2006,B,Craig,121,61,61
2006,B,Leo,119,62,62
2006,B,Mark,114,63,63
2006,B,Brandon,113,64,64
2006,B,Declan,113,64,64
2006,B,Lucas,113,64,64
2006,B,Cole,100,67,67
2006,B,Harris,100,67,67
2006,B,Angus,99,69,69
2006,B,Archie,97,70,70
2006,B,Shaun,97,70,70
2006,B,Lee,96,72,72
2006,B,Taylor,95,73,73
2006,B,Blair,94,74,74
2006,B,Ciaran,91,75,75
2006,B,Evan,90,76,76
2006,B,Leon,89,77,77
2006,B,Gregor,84,78,78
2006,B,Noah,82,79,79
2006,B,Lennon,81,80,80
2006,B,Murray,81,80,80
2006,B,Kenzie,80,82,82
2006,B,Finn,78,83,83
2006,B,Steven,75,84,84
2006,B,Jacob,74,85,85
2006,B,Luca,73,86,86
2006,B,Alfie,72,87,87
2006,B,Brodie,71,88,88
2006,B,Peter,71,88,88
2006,B,Kian,70,90,90
2006,B,Corey,69,91,91
2006,B,Harvey,69,91,91
2006,B,Stuart,67,93,93
2006,B,Hamish,64,94,94
2006,B,Patrick,64,94,94
2006,B,Bailey,63,96,96
2006,B,George,63,96,96
2006,B,Charles,62,98,98
2006,B,Paul,62,98,98
2006,B,Stephen,62,98,98
2007,B,Lewis,735,1,1
2007,B,Jack,726,2,2
2007,B,Ryan,517,3,3
2007,B,James,489,4,4
2007,B,Callum,441,5,5
2007,B,Cameron,428,6,6
2007,B,Daniel,424,7,7
2007,B,Liam,406,8,8
2007,B,Matthew,386,9,9
2007,B,Jamie,385,10,10
2007,B,Logan,374,11,11
2007,B,Finlay,370,12,12
2007,B,Kyle,369,13,13
2007,B,Adam,355,14,14
2007,B,Alexander,322,15,15
2007,B,Andrew,311,16,16
2007,B,Aiden,309,17,17
2007,B,Ben,308,18,18
2007,B,Connor,307,19,19
2007,B,Dylan,305,20,20
2007,B,Aaron,300,21,21
2007,B,Thomas,290,22,22
2007,B,Joshua,260,23,23
2007,B,David,251,24,24
2007,B,Luke,243,25,25
2007,B,Nathan,232,26,26
2007,B,Ross,231,27,27
2007,B,Charlie,219,28,28
2007,B,Aidan,214,29,29
2007,B,Ethan,212,30,30
2007,B,John,210,31,31
2007,B,Michael,205,32,32
2007,B,Samuel,202,33,33
2007,B,Calum,199,34,34
2007,B,Kieran,197,35,35
2007,B,Scott,197,35,35
2007,B,Fraser,196,37,37
2007,B,Josh,191,38,38
2007,B,William,191,38,38
2007,B,Oliver,185,40,40
2007,B,Rhys,183,41,41
2007,B,Harry,178,42,42
2007,B,Sean,177,43,43
2007,B,Owen,175,44,44
2007,B,Sam,175,44,44
2007,B,Christopher,173,46,46
2007,B,Robert,173,46,46
2007,B,Euan,169,48,48
2007,B,Jake,164,49,49
2007,B,Jay,164,49,49
2007,B,Kai,164,49,49
2007,B,Jayden,157,52,52
2007,B,Lucas,155,53,53
2007,B,Rory,155,53,53
2007,B,Tyler,155,53,53
2007,B,Joseph,148,56,56
2007,B,Reece,148,56,56
2007,B,Max,144,58,58
2007,B,Robbie,143,59,59
2007,B,Benjamin,135,60,60
2007,B,Ewan,133,61,61
2007,B,Alfie,115,62,62
2007,B,Archie,115,62,62
2007,B,Evan,113,64,64
2007,B,Taylor,112,65,65
2007,B,Leo,111,66,66
2007,B,Blair,109,67,67
2007,B,Leon,104,68,68
2007,B,Arran,102,69,69
2007,B,Angus,101,70,70
2007,B,Brandon,101,70,70
2007,B,Craig,101,70,70
2007,B,Murray,97,73,73
2007,B,Cole,96,74,74
2007,B,Jacob,95,75,75
2007,B,Zak,94,76,76
2007,B,Declan,93,77,77
2007,B,Lee,92,78,78
2007,B,Lennon,92,78,78
2007,B,Harris,91,80,80
2007,B,Mark,91,80,80
2007,B,Finn,90,82,82
2007,B,George,89,83,83
2007,B,Hayden,84,84,84
2007,B,Kenzie,82,85,85
2007,B,Alex,81,86,86
2007,B,Shaun,80,87,87
2007,B,Louis,79,88,88
2007,B,Gregor,77,89,89
2007,B,Caleb,76,90,90
2007,B,Luca,74,91,91
2007,B,Mason,74,91,91
2007,B,Kian,73,93,93
2007,B,Mohammed,73,93,93
2007,B,Paul,71,95,95
2007,B,Noah,70,96,96
2007,B,Harrison,69,97,97
2007,B,Riley,67,98,98
2007,B,Stuart,66,99,99
2007,B,Mackenzie,65,100,100
2008,B,Jack,750,1,1
2008,B,Lewis,664,2,2
2008,B,Daniel,517,3,3
2008,B,Liam,490,4,4
2008,B,James,474,5,5
2008,B,Ryan,469,6,6
2008,B,Callum,396,7,7
2008,B,Logan,391,8,8
2008,B,Matthew,377,9,9
2008,B,Cameron,357,10,10
2008,B,Alexander,345,11,11
2008,B,Dylan,337,12,12
2008,B,Aiden,334,13,13
2008,B,Aaron,333,14,14
2008,B,Kyle,329,15,15
2008,B,Ben,326,16,16
2008,B,Jamie,324,17,17
2008,B,Finlay,310,18,18
2008,B,Adam,293,19,19
2008,B,Andrew,292,20,20
2008,B,Thomas,282,21,21
2008,B,Joshua,281,22,22
2008,B,Connor,276,23,23
2008,B,Oliver,262,24,24
2008,B,Jayden,253,25,25
2008,B,David,252,26,26
2008,B,Nathan,252,26,26
2008,B,Charlie,232,28,28
2008,B,Luke,222,29,29
2008,B,Rhys,219,30,30
2008,B,Ethan,216,31,31
2008,B,Max,212,32,32
2008,B,Jay,205,33,33
2008,B,Michael,204,34,34
2008,B,Lucas,200,35,35
2008,B,Harry,199,36,36
2008,B,Scott,199,36,36
2008,B,Aidan,196,38,38
2008,B,Josh,194,39,39
2008,B,Calum,188,40,40
2008,B,John,185,41,41
2008,B,Samuel,182,42,42
2008,B,William,175,43,43
2008,B,Sean,174,44,44
2008,B,Alfie,173,45,45
2008,B,Robert,173,45,45
2008,B,Kieran,171,47,47
2008,B,Fraser,170,48,48
2008,B,Ross,169,49,49
2008,B,Ewan,159,50,50
2008,B,Joseph,157,51,51
2008,B,Euan,155,52,52
2008,B,Christopher,152,53,53
2008,B,Tyler,149,54,54
2008,B,Kai,147,55,55
2008,B,Archie,141,56,56
2008,B,Rory,140,57,57
2008,B,Owen,137,58,58
2008,B,Sam,135,59,59
2008,B,Reece,130,60,60
2008,B,Jake,126,61,61
2008,B,Leon,123,62,62
2008,B,Robbie,117,63,63
2008,B,Riley,116,64,64
2008,B,Benjamin,112,65,65
2008,B,Declan,111,66,66
2008,B,Arran,110,67,67
2008,B,Brandon,108,68,68
2008,B,Cole,108,68,68
2008,B,Taylor,108,68,68
2008,B,Evan,107,71,71
2008,B,Alex,106,72,72
2008,B,Craig,105,73,73
2008,B,Blair,97,74,74
2008,B,Harris,97,74,74
2008,B,Zak,96,76,76
2008,B,Finn,95,77,77
2008,B,Jacob,93,78,78
2008,B,Corey,91,79,79
2008,B,Leo,89,80,80
2008,B,Angus,87,81,81
2008,B,Kayden,87,81,81
2008,B,Mark,87,81,81
2008,B,Muhammad,87,81,81
2008,B,Kian,81,85,85
2008,B,Murray,81,85,85
2008,B,Caleb,79,87,87
2008,B,Lee,79,87,87
2008,B,Noah,79,87,87
2008,B,Oscar,79,87,87
2008,B,Mason,78,91,91
2008,B,Brodie,77,92,92
2008,B,Harrison,74,93,93
2008,B,Kenzie,74,93,93
2008,B,Mohammed,74,93,93
2008,B,Peter,74,93,93
2008,B,Luca,72,97,97
2008,B,Paul,72,97,97
2008,B,Hayden,71,99,99
2008,B,George,70,100,100
2008,B,Louis,70,100,100
2009,B,Jack,706,1,1
2009,B,Lewis,656,2,2
2009,B,James,472,3,3
2009,B,Logan,448,4,4
2009,B,Liam,446,5,5
2009,B,Daniel,440,6,6
2009,B,Aaron,413,7,7
2009,B,Ryan,393,8,8
2009,B,Cameron,382,9,9
2009,B,Callum,370,10,10
2009,B,Alexander,349,11,11
2009,B,Jamie,340,12,12
2009,B,Finlay,336,13,13
2009,B,Aiden,328,14,14
2009,B,Kyle,325,15,15
2009,B,Lucas,325,15,15
2009,B,Dylan,317,17,17
2009,B,Matthew,300,18,18
2009,B,Adam,294,19,19
2009,B,Nathan,292,20,20
2009,B,Thomas,288,21,21
2009,B,Ethan,275,22,22
2009,B,Charlie,265,23,23
2009,B,Oliver,253,24,24
2009,B,Connor,244,25,25
2009,B,Max,240,26,26
2009,B,Ben,237,27,27
2009,B,Joshua,230,28,28
2009,B,Jayden,229,29,29
2009,B,Harry,226,30,30
2009,B,William,223,31,31
2009,B,Michael,220,32,32
2009,B,Owen,219,33,33
2009,B,Andrew,217,34,34
2009,B,Alfie,194,35,35
2009,B,Jay,193,36,36
2009,B,David,192,37,37
2009,B,Joseph,187,38,38
2009,B,Samuel,186,39,39
2009,B,Rhys,182,40,40
2009,B,Ross,181,41,41
2009,B,Tyler,174,42,42
2009,B,John,173,43,43
2009,B,Rory,170,44,44
2009,B,Kai,169,45,45
2009,B,Luke,167,46,46
2009,B,Scott,167,46,46
2009,B,Sam,163,48,48
2009,B,Archie,152,49,49
2009,B,Euan,150,50,50
2009,B,Aidan,148,51,51
2009,B,Calum,146,52,52
2009,B,Josh,145,53,53
2009,B,Fraser,144,54,54
2009,B,Ewan,142,55,55
2009,B,Evan,137,56,56
2009,B,Robert,134,57,57
2009,B,Leon,129,58,58
2009,B,Benjamin,125,59,59
2009,B,Riley,125,59,59
2009,B,Leo,124,61,61
2009,B,Cole,123,62,62
2009,B,Jacob,123,62,62
2009,B,Christopher,119,64,64
2009,B,Kieran,119,64,64
2009,B,Sean,119,64,64
2009,B,Harris,118,67,67
2009,B,Arran,114,68,68
2009,B,Noah,114,68,68
2009,B,Caleb,108,70,70
2009,B,Reece,104,71,71
2009,B,Jake,103,72,72
2009,B,Oscar,102,73,73
2009,B,Kenzie,101,74,74
2009,B,Mason,98,75,75
2009,B,Robbie,98,75,75
2009,B,Kayden,96,77,77
2009,B,Angus,95,78,78
2009,B,Craig,94,79,79
2009,B,Murray,90,80,80
2009,B,Blair,88,81,81
2009,B,Mark,86,82,82
2009,B,Brodie,85,83,83
2009,B,Harvey,84,84,84
2009,B,Kian,80,85,85
2009,B,Finn,79,86,86
2009,B,Alex,77,87,87
2009,B,Zak,77,87,87
2009,B,Brandon,76,89,89
2009,B,Taylor,76,89,89
2009,B,Mohammed,73,91,91
2009,B,Muhammad,72,92,92
2009,B,Calvin,71,93,93
2009,B,Gregor,70,94,94
2009,B,Harrison,69,95,95
2009,B,Corey,67,96,96
2009,B,Hamish,67,96,96
2009,B,Declan,66,98,98
2009,B,Paul,66,98,98
2009,B,George,65,100,100
2009,B,Isaac,65,100,100
2010,B,Jack,644,1,1
2010,B,Lewis,566,2,2
2010,B,James,459,3,3
2010,B,Logan,443,4,4
2010,B,Daniel,416,5,5
2010,B,Ryan,407,6,6
2010,B,Aaron,379,7,7
2010,B,Oliver,371,8,8
2010,B,Liam,366,9,9
2010,B,Jamie,358,10,10
2010,B,Ethan,334,11,11
2010,B,Alexander,330,12,12
2010,B,Cameron,328,13,13
2010,B,Finlay,307,14,14
2010,B,Kyle,307,14,14
2010,B,Adam,303,16,16
2010,B,Harry,303,16,16
2010,B,Matthew,303,16,16
2010,B,Callum,301,19,19
2010,B,Lucas,298,20,20
2010,B,Nathan,289,21,21
2010,B,Aiden,288,22,22
2010,B,Dylan,285,23,23
2010,B,Charlie,281,24,24
2010,B,Connor,267,25,25
2010,B,Thomas,262,26,26
2010,B,Alfie,245,27,27
2010,B,Joshua,229,28,28
2010,B,William,222,29,29
2010,B,Jayden,213,30,30
2010,B,Andrew,212,31,31
2010,B,Kai,212,31,31
2010,B,Max,206,33,33
2010,B,Ben,190,34,34
2010,B,Samuel,188,35,35
2010,B,Luke,182,36,36
2010,B,Tyler,179,37,37
2010,B,Rory,178,38,38
2010,B,David,175,39,39
2010,B,Michael,175,39,39
2010,B,Riley,175,39,39
2010,B,Noah,169,42,42
2010,B,Cole,164,43,43
2010,B,Joseph,160,44,44
2010,B,John,158,45,45
2010,B,Archie,156,46,46
2010,B,Jacob,156,46,46
2010,B,Fraser,155,48,48
2010,B,Rhys,152,49,49
2010,B,Ross,152,49,49
2010,B,Calum,145,51,51
2010,B,Jay,145,51,51
2010,B,Josh,142,53,53
2010,B,Euan,140,54,54
2010,B,Mason,139,55,55
2010,B,Owen,139,55,55
2010,B,Sam,138,57,57
2010,B,Leo,136,58,58
2010,B,Robert,135,59,59
2010,B,Scott,134,60,60
2010,B,Leon,127,61,61
2010,B,Robbie,127,61,61
2010,B,Benjamin,126,63,63
2010,B,Caleb,125,64,64
2010,B,Oscar,125,64,64
2010,B,Harris,121,66,66
2010,B,Murray,117,67,67
2010,B,Sean,114,68,68
2010,B,Christopher,111,69,69
2010,B,Kieran,104,70,70
2010,B,Aidan,103,71,71
2010,B,Jake,103,71,71
2010,B,Evan,102,73,73
2010,B,Kayden,101,74,74
2010,B,Arran,99,75,75
2010,B,Angus,98,76,76
2010,B,Brodie,98,76,76
2010,B,Ewan,96,78,78
2010,B,Muhammad,94,79,79
2010,B,Alex,93,80,80
2010,B,Declan,92,81,81
2010,B,Finn,91,82,82
2010,B,Blair,90,83,83
2010,B,Ollie,89,84,84
2010,B,Reece,88,85,85
2010,B,Corey,85,86,86
2010,B,Kian,83,87,87
2010,B,Harrison,77,88,88
2010,B,Taylor,74,89,89
2010,B,Kaiden,73,90,90
2010,B,Kenzie,73,90,90
2010,B,Cody,72,92,92
2010,B,Craig,72,92,92
2010,B,Mohammed,72,92,92
2010,B,Calvin,71,95,95
2010,B,Mark,70,96,96
2010,B,Jude,69,97,97
2010,B,Luca,68,98,98
2010,B,Ciaran,67,99,99
2010,B,George,67,99,99
2011,B,Jack,650,1,1
2011,B,Lewis,498,2,2
2011,B,James,480,3,3
2011,B,Daniel,391,4,4
2011,B,Ethan,391,4,4
2011,B,Logan,386,6,6
2011,B,Alexander,346,7,7
2011,B,Harry,345,8,8
2011,B,Ryan,343,9,9
2011,B,Oliver,341,10,10
2011,B,Aaron,331,11,11
2011,B,Cameron,321,12,12
2011,B,Lucas,318,13,13
2011,B,Riley,306,14,14
2011,B,Matthew,305,15,15
2011,B,Callum,299,16,16
2011,B,Charlie,293,17,17
2011,B,Adam,288,18,18
2011,B,Finlay,281,19,19
2011,B,Aiden,279,20,20
2011,B,Dylan,278,21,21
2011,B,Jamie,274,22,22
2011,B,Alfie,270,23,23
2011,B,Kyle,266,24,24
2011,B,Liam,265,25,25
2011,B,Max,260,26,26
2011,B,Thomas,257,27,27
2011,B,Nathan,253,28,28
2011,B,Connor,238,29,29
2011,B,Jayden,227,30,30
2011,B,Mason,217,31,31
2011,B,Joshua,211,32,32
2011,B,Tyler,211,32,32
2011,B,Rory,205,34,34
2011,B,Andrew,204,35,35
2011,B,Jacob,203,36,36
2011,B,William,201,37,37
2011,B,Noah,198,38,38
2011,B,Kai,194,39,39
2011,B,Leo,193,40,40
2011,B,Archie,188,41,41
2011,B,Michael,176,42,42
2011,B,John,175,43,43
2011,B,Samuel,174,44,44
2011,B,Ben,173,45,45
2011,B,Luke,172,46,46
2011,B,Jay,164,47,47
2011,B,Cole,162,48,48
2011,B,Harris,160,49,49
2011,B,David,158,50,50
2011,B,Caleb,148,51,51
2011,B,Benjamin,141,52,52
2011,B,Fraser,139,53,53
2011,B,Joseph,136,54,54
2011,B,Jake,134,55,55
2011,B,Leon,134,55,55
2011,B,Rhys,134,55,55
2011,B,Aidan,131,58,58
2011,B,Josh,130,59,59
2011,B,Owen,130,59,59
2011,B,Robert,129,61,61
2011,B,Euan,128,62,62
2011,B,Kayden,125,63,63
2011,B,Sam,123,64,64
2011,B,Robbie,119,65,65
2011,B,Calum,118,66,66
2011,B,Arran,114,67,67
2011,B,Oscar,111,68,68
2011,B,Christopher,110,69,69
2011,B,Scott,109,70,70
2011,B,Brodie,108,71,71
2011,B,Angus,107,72,72
2011,B,Harrison,106,73,73
2011,B,Murray,104,74,74
2011,B,Reece,98,75,75
2011,B,Kaiden,96,76,76
2011,B,Muhammad,96,76,76
2011,B,Ewan,95,78,78
2011,B,Finn,94,79,79
2011,B,Ross,94,79,79
2011,B,Sean,89,81,81
2011,B,Ollie,88,82,82
2011,B,Kieran,87,83,83
2011,B,Blair,83,84,84
2011,B,Evan,82,85,85
2011,B,Jude,81,86,86
2011,B,Ruaridh,78,87,87
2011,B,Kian,77,88,88
2011,B,Isaac,75,89,89
2011,B,Mark,75,89,89
2011,B,Taylor,75,89,89
2011,B,Mohammed,73,92,92
2011,B,Cody,72,93,93
2011,B,Corey,72,93,93
2011,B,Declan,71,95,95
2011,B,Lennon,71,95,95
2011,B,Cooper,70,97,97
2011,B,Luca,70,97,97
2011,B,Hamish,68,99,99
2011,B,Jackson,68,99,99
2011,B,Zak,68,99,99
2012,B,Jack,539,1,1
2012,B,Lewis,438,2,2
2012,B,James,428,3,3
2012,B,Riley,418,4,4
2012,B,Logan,392,5,5
2012,B,Daniel,384,6,6
2012,B,Ethan,352,7,7
2012,B,Harry,331,8,8
2012,B,Alexander,327,9,9
2012,B,Oliver,311,10,10
2012,B,Max,306,11,11
2012,B,Charlie,298,12,12
2012,B,Finlay,296,13,13
2012,B,Tyler,296,13,13
2012,B,Aaron,295,15,15
2012,B,Adam,291,16,16
2012,B,Mason,287,17,17
2012,B,Alfie,284,18,18
2012,B,Ryan,278,19,19
2012,B,Liam,271,20,20
2012,B,Lucas,271,20,20
2012,B,Jamie,266,22,22
2012,B,Thomas,265,23,23
2012,B,Callum,259,24,24
2012,B,Cameron,258,25,25
2012,B,Dylan,252,26,26
2012,B,Kyle,249,27,27
2012,B,Harris,242,28,28
2012,B,Matthew,240,29,29
2012,B,Noah,240,29,29
2012,B,Rory,233,31,31
2012,B,Connor,225,32,32
2012,B,Joshua,225,32,32
2012,B,Nathan,219,34,34
2012,B,Jacob,216,35,35
2012,B,Aiden,200,36,36
2012,B,William,199,37,37
2012,B,Archie,197,38,38
2012,B,Leo,191,39,39
2012,B,Andrew,189,40,40
2012,B,Jayden,186,41,41
2012,B,Luke,183,42,42
2012,B,Rhys,158,43,43
2012,B,Kai,157,44,44
2012,B,David,155,45,45
2012,B,Cole,152,46,46
2012,B,Joseph,151,47,47
2012,B,Michael,151,47,47
2012,B,Samuel,145,49,49
2012,B,Leon,144,50,50
2012,B,John,139,51,51
2012,B,Benjamin,138,52,52
2012,B,Brodie,136,53,53
2012,B,Harrison,133,54,54
2012,B,Ben,127,55,55
2012,B,Robbie,127,55,55
2012,B,Josh,124,57,57
2012,B,Robert,124,57,57
2012,B,Owen,123,59,59
2012,B,Fraser,122,60,60
2012,B,Oscar,122,60,60
2012,B,Caleb,120,62,62
2012,B,Euan,113,63,63
2012,B,Jake,111,64,64
2012,B,Jay,111,64,64
2012,B,Finn,105,66,66
2012,B,Ross,104,67,67
2012,B,Calum,103,68,68
2012,B,Muhammad,103,68,68
2012,B,Blair,102,70,70
2012,B,Ollie,98,71,71
2012,B,Arran,97,72,72
2012,B,Angus,96,73,73
2012,B,Christopher,96,73,73
2012,B,Murray,96,73,73
2012,B,Scott,95,76,76
2012,B,Evan,93,77,77
2012,B,Cooper,91,78,78
2012,B,Sam,90,79,79
2012,B,Zac,90,79,79
2012,B,Kayden,87,81,81
2012,B,Alex,85,82,82
2012,B,Ewan,85,82,82
2012,B,Aidan,84,84,84
2012,B,George,84,84,84
2012,B,Olly,83,86,86
2012,B,Ruaridh,83,86,86
2012,B,Blake,79,88,88
2012,B,Declan,79,88,88
2012,B,Kaiden,79,88,88
2012,B,Isaac,77,91,91
2012,B,Reece,76,92,92
2012,B,Cody,74,93,93
2012,B,Calvin,73,94,94
2012,B,Luca,72,95,95
2012,B,Mark,71,96,96
2012,B,Shay,71,96,96
2012,B,Jude,69,98,98
2012,B,Sean,69,98,98
2012,B,Jackson,68,100,100
2012,B,Kian,68,100,100
2012,B,Kieran,68,100,100
2013,B,Jack,595,1,1
2013,B,James,434,2,2
2013,B,Lewis,382,3,3
2013,B,Oliver,361,4,4
2013,B,Daniel,359,5,5
2013,B,Logan,349,6,6
2013,B,Alexander,318,7,7
2013,B,Lucas,313,8,8
2013,B,Charlie,301,9,9
2013,B,Harry,299,10,10
2013,B,Mason,292,11,11
2013,B,Ethan,284,12,12
2013,B,Noah,282,13,13
2013,B,Harris,270,14,14
2013,B,Riley,265,15,15
2013,B,Finlay,259,16,16
2013,B,Alfie,257,17,17
2013,B,Jacob,249,18,18
2013,B,Max,247,19,19
2013,B,Adam,243,20,20
2013,B,Thomas,241,21,21
2013,B,Leo,238,22,22
2013,B,Cameron,236,23,23
2013,B,Ryan,234,24,24
2013,B,Aaron,232,25,25
2013,B,Matthew,229,26,26
2013,B,Nathan,225,27,27
2013,B,Kai,216,28,28
2013,B,Liam,216,28,28
2013,B,Archie,214,30,30
2013,B,Jamie,214,30,30
2013,B,Dylan,213,32,32
2013,B,Callum,207,33,33
2013,B,Joshua,202,34,34
2013,B,Tyler,193,35,35
2013,B,David,190,36,36
2013,B,Connor,189,37,37
2013,B,Luke,188,38,38
2013,B,William,187,39,39
2013,B,Oscar,185,40,40
2013,B,Kyle,184,41,41
2013,B,Rory,182,42,42
2013,B,Michael,169,43,43
2013,B,Andrew,164,44,44
2013,B,Aiden,159,45,45
2013,B,Samuel,153,46,46
2013,B,Brodie,148,47,47
2013,B,Jayden,147,48,48
2013,B,Joseph,142,49,49
2013,B,Harrison,137,50,50
2013,B,John,136,51,51
2013,B,Muhammad,134,52,52
2013,B,Benjamin,124,53,53
2013,B,Cole,124,53,53
2013,B,Robbie,122,55,55
2013,B,Leon,121,56,56
2013,B,Josh,119,57,57
2013,B,Caleb,116,58,58
2013,B,Cooper,116,58,58
2013,B,Jay,115,60,60
2013,B,Murray,115,60,60
2013,B,Sam,115,60,60
2013,B,Ben,114,63,63
2013,B,Fraser,114,63,63
2013,B,Finn,112,65,65
2013,B,Angus,109,66,66
2013,B,Calum,108,67,67
2013,B,Ruaridh,108,67,67
2013,B,Rhys,107,69,69
2013,B,Arran,106,70,70
2013,B,Kayden,105,71,71
2013,B,Euan,103,72,72
2013,B,Ollie,103,72,72
2013,B,Blake,100,74,74
2013,B,Christopher,98,75,75
2013,B,Robert,95,76,76
2013,B,Jake,92,77,77
2013,B,Blair,91,78,78
2013,B,Owen,91,78,78
2013,B,Isaac,87,80,80
2013,B,Jude,84,81,81
2013,B,Luca,83,82,82
2013,B,Aidan,81,83,83
2013,B,George,80,84,84
2013,B,Cody,76,85,85
2013,B,Ross,75,86,86
2013,B,Harvey,72,87,87
2013,B,Zac,72,87,87
2013,B,Alex,71,89,89
2013,B,Jackson,71,89,89
2013,B,Sean,71,89,89
2013,B,Calvin,70,92,92
2013,B,Hamish,69,93,93
2013,B,Kian,69,93,93
2013,B,Corey,68,95,95
2013,B,Callan,67,96,96
2013,B,Evan,67,96,96
2013,B,Reuben,67,96,96
2013,B,Declan,66,99,99
2013,B,Theo,66,99,99
2014,B,Jack,583,1,1
2014,B,James,466,2,2
2014,B,Lewis,411,3,3
2014,B,Oliver,403,4,4
2014,B,Logan,354,5,5
2014,B,Daniel,349,6,6
2014,B,Noah,321,7,7
2014,B,Charlie,320,8,8
2014,B,Lucas,310,9,9
2014,B,Alexander,309,10,10
2014,B,Mason,285,11,11
2014,B,Harris,276,12,12
2014,B,Max,274,13,13
2014,B,Harry,268,14,14
2014,B,Finlay,267,15,15
2014,B,Adam,266,16,16
2014,B,Aaron,264,17,17
2014,B,Ethan,259,18,18
2014,B,Cameron,256,19,19
2014,B,Jacob,256,19,19
2014,B,Callum,252,21,21
2014,B,Archie,239,22,22
2014,B,Alfie,236,23,23
2014,B,Leo,234,24,24
2014,B,Thomas,228,25,25
2014,B,Nathan,226,26,26
2014,B,Riley,223,27,27
2014,B,Rory,215,28,28
2014,B,Matthew,214,29,29
2014,B,Joshua,213,30,30
2014,B,Oscar,212,31,31
2014,B,Jamie,211,32,32
2014,B,Ryan,208,33,33
2014,B,Luke,195,34,34
2014,B,William,180,35,35
2014,B,Liam,178,36,36
2014,B,Dylan,176,37,37
2014,B,Samuel,166,38,38
2014,B,Andrew,163,39,39
2014,B,David,154,40,40
2014,B,John,154,40,40
2014,B,Connor,146,42,42
2014,B,Brodie,144,43,43
2014,B,Kyle,144,43,43
2014,B,Joseph,143,45,45
2014,B,Kian,142,46,46
2014,B,Benjamin,141,47,47
2014,B,Aiden,139,48,48
2014,B,Harrison,139,48,48
2014,B,Robert,135,50,50
2014,B,Ben,130,51,51
2014,B,Muhammad,130,51,51
2014,B,Michael,127,53,53
2014,B,Tyler,123,54,54
2014,B,Kai,120,55,55
2014,B,Euan,114,56,56
2014,B,Arran,112,57,57
2014,B,Jayden,112,57,57
2014,B,Jake,111,59,59
2014,B,Cole,110,60,60
2014,B,Ollie,110,60,60
2014,B,Sam,110,60,60
2014,B,Finn,109,63,63
2014,B,Leon,108,64,64
2014,B,Angus,107,65,65
2014,B,Caleb,107,65,65
2014,B,Ruaridh,107,65,65
2014,B,Josh,106,68,68
2014,B,Murray,105,69,69
2014,B,Fraser,104,70,70
2014,B,Isaac,104,70,70
2014,B,Owen,104,70,70
2014,B,Blake,101,73,73
2014,B,Jude,98,74,74
2014,B,Calum,93,75,75
2014,B,Cooper,93,75,75
2014,B,George,91,77,77
2014,B,Robbie,91,77,77
2014,B,Rhys,88,79,79
2014,B,Callan,87,80,80
2014,B,Christopher,87,80,80
2014,B,Evan,87,80,80
2014,B,Jay,86,83,83
2014,B,Theo,85,84,84
2014,B,Scott,83,85,85
2014,B,Luca,82,86,86
2014,B,Kayden,81,87,87
2014,B,Blair,80,88,88
2014,B,Freddie,79,89,89
2014,B,Zac,78,90,90
2014,B,Hamish,77,91,91
2014,B,Jackson,76,92,92
2014,B,Jaxon,76,92,92
2014,B,Calvin,75,94,94
2014,B,Carson,74,95,95
2014,B,Aidan,73,96,96
2014,B,Brody,73,96,96
2014,B,Zachary,73,96,96
2014,B,Alex,71,99,99
2014,B,Cody,71,99,99
2014,B,Mohammed,71,99,99
2015,B,Jack,565,1,1
2015,B,Oliver,448,2,2
2015,B,James,416,3,3
2015,B,Lewis,371,4,4
2015,B,Alexander,349,5,5
2015,B,Charlie,342,6,6
2015,B,Lucas,316,7,7
2015,B,Logan,311,8,8
2015,B,Harris,306,9,9
2015,B,Daniel,282,10,10
2015,B,Finlay,277,11,11
2015,B,Jacob,277,11,11
2015,B,Leo,275,13,13
2015,B,Mason,271,14,14
2015,B,Noah,265,15,15
2015,B,Harry,258,16,16
2015,B,Alfie,249,17,17
2015,B,Max,249,17,17
2015,B,Callum,248,19,19
2015,B,Aaron,242,20,20
2015,B,Adam,242,20,20
2015,B,Thomas,240,22,22
2015,B,Ethan,233,23,23
2015,B,Rory,233,23,23
2015,B,Cameron,221,25,25
2015,B,Archie,216,26,26
2015,B,Oscar,209,27,27
2015,B,Matthew,202,28,28
2015,B,Nathan,198,29,29
2015,B,Joshua,197,30,30
2015,B,Brodie,193,31,31
2015,B,William,181,32,32
2015,B,Liam,176,33,33
2015,B,Ryan,172,34,34
2015,B,Jamie,168,35,35
2015,B,Harrison,167,36,36
2015,B,Joseph,160,37,37
2015,B,Dylan,158,38,38
2015,B,Samuel,157,39,39
2015,B,Riley,156,40,40
2015,B,David,155,41,41
2015,B,Ollie,150,42,42
2015,B,Andrew,145,43,43
2015,B,Connor,144,44,44
2015,B,Luke,144,44,44
2015,B,Muhammad,141,46,46
2015,B,Jaxon,136,47,47
2015,B,Kyle,136,47,47
2015,B,Benjamin,133,49,49
2015,B,Michael,131,50,50
2015,B,Caleb,129,51,51
2015,B,Jackson,129,51,51
2015,B,George,127,53,53
2015,B,Finn,125,54,54
2015,B,Leon,123,55,55
2015,B,Fraser,122,56,56
2015,B,Murray,121,57,57
2015,B,Jake,120,58,58
2015,B,John,119,59,59
2015,B,Arran,115,60,60
2015,B,Angus,114,61,61
2015,B,Cole,114,61,61
2015,B,Robert,112,63,63
2015,B,Cooper,110,64,64
2015,B,Isaac,108,65,65
2015,B,Jayden,108,65,65
2015,B,Aiden,107,67,67
2015,B,Kai,107,67,67
2015,B,Theo,106,69,69
2015,B,Jude,105,70,70
2015,B,Ben,103,71,71
2015,B,Tyler,98,72,72
2015,B,Ruaridh,97,73,73
2015,B,Owen,95,74,74
2015,B,Blake,94,75,75
2015,B,Freddie,93,76,76
2015,B,Euan,92,77,77
2015,B,Josh,88,78,78
2015,B,Blair,85,79,79
2015,B,Robbie,85,79,79
2015,B,Hamish,84,81,81
2015,B,Kian,84,81,81
2015,B,Sam,83,83,83
2015,B,Aidan,81,84,84
2015,B,Jay,81,84,84
2015,B,Christopher,80,86,86
2015,B,Reuben,78,87,87
2015,B,Cody,76,88,88
2015,B,Luca,76,88,88
2015,B,Lachlan,75,90,90
2015,B,Elliot,72,91,91
2015,B,Evan,72,91,91
2015,B,Sonny,72,91,91
2015,B,Calum,70,94,94
2015,B,Henry,70,94,94
2015,B,Rhys,70,94,94
2015,B,Carson,69,97,97
2015,B,Harvey,68,98,98
2015,B,Calvin,66,99,99
2015,B,Callan,65,100,100
2015,B,Ross,65,100,100
2015,B,Zac,65,100,100
2016,B,Jack,491,1,1
2016,B,James,421,2,2
2016,B,Oliver,393,3,3
2016,B,Lewis,321,4,4
2016,B,Noah,307,5,5
2016,B,Logan,304,6,6
2016,B,Harry,303,7,7
2016,B,Alexander,302,8,8
2016,B,Leo,299,9,9
2016,B,Charlie,297,10,10
2016,B,Jacob,287,11,11
2016,B,Lucas,285,12,12
2016,B,Harris,274,13,13
2016,B,Finlay,259,14,14
2016,B,Alfie,257,15,15
2016,B,Ethan,257,15,15
2016,B,Mason,256,17,17
2016,B,Daniel,246,18,18
2016,B,Aaron,240,19,19
2016,B,Max,230,20,20
2016,B,Archie,228,21,21
2016,B,Matthew,227,22,22
2016,B,Thomas,225,23,23
2016,B,Adam,216,24,24
2016,B,Rory,211,25,25
2016,B,Nathan,206,26,26
2016,B,Joshua,196,27,27
2016,B,Callum,194,28,28
2016,B,Oscar,183,29,29
2016,B,Brodie,182,30,30
2016,B,Cameron,181,31,31
2016,B,Harrison,180,32,32
2016,B,William,174,33,33
2016,B,Finn,166,34,34
2016,B,Dylan,158,35,35
2016,B,Riley,157,36,36
2016,B,Liam,154,37,37
2016,B,Ollie,153,38,38
2016,B,Samuel,152,39,39
2016,B,Jaxon,151,40,40
2016,B,Connor,146,41,41
2016,B,Jamie,145,42,42
2016,B,Luke,142,43,43
2016,B,Caleb,141,44,44
2016,B,Theo,140,45,45
2016,B,Andrew,135,46,46
2016,B,Joseph,134,47,47
2016,B,Muhammad,134,47,47
2016,B,Jude,132,49,49
2016,B,Ryan,132,49,49
2016,B,Benjamin,128,51,51
2016,B,Arran,127,52,52
2016,B,Angus,123,53,53
2016,B,David,122,54,54
2016,B,Isaac,122,54,54
2016,B,John,121,56,56
2016,B,Cole,117,57,57
2016,B,Hamish,117,57,57
2016,B,Jackson,114,59,59
2016,B,Michael,114,59,59
2016,B,Robert,114,59,59
2016,B,Ben,107,62,62
2016,B,George,107,62,62
2016,B,Kai,107,62,62
2016,B,Luca,107,62,62
2016,B,Murray,107,62,62
2016,B,Kyle,106,67,67
2016,B,Leon,106,67,67
2016,B,Carter,105,69,69
2016,B,Aiden,103,70,70
2016,B,Blake,102,71,71
2016,B,Freddie,101,72,72
2016,B,Jake,99,73,73
2016,B,Owen,97,74,74
2016,B,Jayden,94,75,75
2016,B,Cooper,93,76,76
2016,B,Ruaridh,93,76,76
2016,B,Fraser,87,78,78
2016,B,Aidan,86,79,79
2016,B,Sam,84,80,80
2016,B,Blair,83,81,81
2016,B,Calvin,82,82,82
2016,B,Christopher,82,82,82
2016,B,Reuben,81,84,84
2016,B,Calum,80,85,85
2016,B,Euan,80,85,85
2016,B,Arthur,76,87,87
2016,B,Elliot,76,87,87
2016,B,Alex,75,89,89
2016,B,Zac,74,90,90
2016,B,Arlo,73,91,91
2016,B,Cody,72,92,92
2016,B,Henry,72,92,92
2016,B,Lachlan,72,92,92
2016,B,Robbie,72,92,92
2016,B,Josh,71,96,96
2016,B,Kayden,71,96,96
2016,B,Conor,70,98,98
2016,B,Hunter,69,99,99
2016,B,Callan,68,100,100
2016,B,Tyler,68,100,100
2017,B,Jack,486,1,1
2017,B,Oliver,380,2,2
2017,B,James,368,3,3
2017,B,Lewis,356,4,4
2017,B,Logan,324,5,5
2017,B,Noah,318,6,6
2017,B,Harris,299,7,7
2017,B,Alexander,297,8,8
2017,B,Leo,289,9,9
2017,B,Harry,282,10,10
2017,B,Alfie,275,11,11
2017,B,Finlay,262,12,12
2017,B,Jacob,258,13,13
2017,B,Charlie,257,14,14
2017,B,Aaron,236,15,15
2017,B,Lucas,235,16,16
2017,B,Rory,234,17,17
2017,B,Mason,231,18,18
2017,B,Archie,229,19,19
2017,B,Thomas,229,19,19
2017,B,Daniel,218,21,21
2017,B,Adam,208,22,22
2017,B,Cameron,205,23,23
2017,B,Max,203,24,24
2017,B,Finn,199,25,25
2017,B,Ethan,197,26,26
2017,B,Matthew,190,27,27
2017,B,Theo,187,28,28
2017,B,Nathan,178,29,29
2017,B,Oscar,177,30,30
2017,B,Joshua,173,31,31
2017,B,Brodie,170,32,32
2017,B,William,164,33,33
2017,B,Callum,160,34,34
2017,B,Harrison,156,35,35
2017,B,Muhammad,145,36,36
2017,B,Caleb,139,37,37
2017,B,Jude,135,38,38
2017,B,Samuel,135,38,38
2017,B,Jamie,134,40,40
2017,B,Ollie,134,40,40
2017,B,Liam,132,42,42
2017,B,Jaxon,127,43,43
2017,B,Luke,127,43,43
2017,B,Freddie,126,45,45
2017,B,Isaac,126,45,45
2017,B,Angus,125,47,47
2017,B,Riley,125,47,47
2017,B,Connor,123,49,49
2017,B,Andrew,117,50,50
2017,B,Ryan,117,50,50
2017,B,Dylan,113,52,52
2017,B,Cooper,110,53,53
2017,B,Cole,109,54,54
2017,B,Benjamin,106,55,55
2017,B,Blake,106,55,55
2017,B,David,106,55,55
2017,B,George,106,55,55
2017,B,Arran,105,59,59
2017,B,Jackson,104,60,60
2017,B,Arlo,102,61,61
2017,B,Joseph,102,61,61
2017,B,Hamish,101,63,63
2017,B,John,101,63,63
2017,B,Kai,99,65,65
2017,B,Michael,98,66,66
2017,B,Robert,97,67,67
2017,B,Hunter,96,68,68
2017,B,Carter,95,69,69
2017,B,Kyle,93,70,70
2017,B,Aiden,92,71,71
2017,B,Ruaridh,92,71,71
2017,B,Fraser,90,73,73
2017,B,Owen,90,73,73
2017,B,Murray,89,75,75
2017,B,Leon,87,76,76
2017,B,Blair,81,77,77
2017,B,Reuben,81,77,77
2017,B,Ben,80,79,79
